state,date,population,lpg_stock,water_level,food_stock
Delhi,2024-01-01,168536167,6153,61,37302
Delhi,2024-01-02,168536167,6451,65,38990
Delhi,2024-01-03,168536167,5773,66,38818
Delhi,2024-01-04,168536167,5572,60,37239
Delhi,2024-01-05,168536167,5923,67,39917
Delhi,2024-01-06,168536167,6030,66,37587
Delhi,2024-01-07,168536167,5981,61,37299
Delhi,2024-01-08,168536167,5763,69,40296
Delhi,2024-01-09,168536167,6019,62,38924
Delhi,2024-01-10,168536167,6028,59,40202
Delhi,2024-01-11,168536167,6094,67,39624
Delhi,2024-01-12,168536167,6132,68,37679
Delhi,2024-01-13,168536167,5879,63,39445
Delhi,2024-01-14,168536167,5934,67,37703
Delhi,2024-01-15,168536167,6242,63,38815
Delhi,2024-01-16,168536167,6392,69,37351
Delhi,2024-01-17,168536167,5605,59,37949
Delhi,2024-01-18,168536167,5683,64,38632
Delhi,2024-01-19,168536167,6133,63,37703
Delhi,2024-01-20,168536167,5546,63,39365
Delhi,2024-01-21,168536167,6385,61,37574
Delhi,2024-01-22,168536167,5937,68,36623
Delhi,2024-01-23,168536167,5543,65,40328
Delhi,2024-01-24,168536167,5526,60,39037
Delhi,2024-01-25,168536167,6452,62,38174
Delhi,2024-01-26,168536167,5690,59,39871
Delhi,2024-01-27,168536167,5552,60,36340
Delhi,2024-01-28,168536167,5527,64,36840
Delhi,2024-01-29,168536167,5942,67,39892
Delhi,2024-01-30,168536167,6058,63,40043
Delhi,2024-01-31,168536167,5851,62,37545
Delhi,2024-02-01,168536167,6016,62,37161
Delhi,2024-02-02,168536167,6474,60,37315
Delhi,2024-02-03,168536167,5559,63,37492
Delhi,2024-02-04,168536167,5655,68,39389
Delhi,2024-02-05,168536167,5701,67,36644
Delhi,2024-02-06,168536167,5742,65,40214
Delhi,2024-02-07,168536167,5540,69,36681
Delhi,2024-02-08,168536167,5557,65,38718
Delhi,2024-02-09,168536167,5962,69,39982
Delhi,2024-02-10,168536167,5818,64,39436
Delhi,2024-02-11,168536167,6072,60,39543
Delhi,2024-02-12,168536167,5891,67,37196
Delhi,2024-02-13,168536167,5860,69,38359
Delhi,2024-02-14,168536167,5822,68,38935
Delhi,2024-02-15,168536167,5897,67,36357
Delhi,2024-02-16,168536167,6414,69,37164
Delhi,2024-02-17,168536167,6155,67,40050
Delhi,2024-02-18,168536167,6373,68,38385
Delhi,2024-02-19,168536167,5655,62,39594
Delhi,2024-02-20,168536167,6405,60,38491
Delhi,2024-02-21,168536167,5730,66,39383
Delhi,2024-02-22,168536167,6200,59,38227
Delhi,2024-02-23,168536167,5846,59,39011
Delhi,2024-02-24,168536167,5917,59,36629
Delhi,2024-02-25,168536167,6304,67,36386
Delhi,2024-02-26,168536167,6341,63,39483
Delhi,2024-02-27,168536167,6340,64,39460
Delhi,2024-02-28,168536167,6498,60,37065
Delhi,2024-02-29,168536167,6158,60,36702
Maharashtra,2024-01-01,51498142,4938,81,41526
Maharashtra,2024-01-02,51498142,4688,81,41335
Maharashtra,2024-01-03,51498142,4833,79,41692
Maharashtra,2024-01-04,51498142,4434,84,41781
Maharashtra,2024-01-05,51498142,5183,79,39781
Maharashtra,2024-01-06,51498142,5082,85,40610
Maharashtra,2024-01-07,51498142,4688,77,42651
Maharashtra,2024-01-08,51498142,5117,78,39674
Maharashtra,2024-01-09,51498142,4922,82,40044
Maharashtra,2024-01-10,51498142,4557,82,42728
Maharashtra,2024-01-11,51498142,5207,83,42206
Maharashtra,2024-01-12,51498142,4624,81,41938
Maharashtra,2024-01-13,51498142,5030,78,40073
Maharashtra,2024-01-14,51498142,5021,75,42137
Maharashtra,2024-01-15,51498142,4946,78,40051
Maharashtra,2024-01-16,51498142,4707,82,41814
Maharashtra,2024-01-17,51498142,4916,82,40664
Maharashtra,2024-01-18,51498142,4557,85,42259
Maharashtra,2024-01-19,51498142,5014,85,42295
Maharashtra,2024-01-20,51498142,5028,85,40071
Maharashtra,2024-01-21,51498142,4644,75,40386
Maharashtra,2024-01-22,51498142,4727,80,38939
Maharashtra,2024-01-23,51498142,4887,79,39601
Maharashtra,2024-01-24,51498142,4847,78,39031
Maharashtra,2024-01-25,51498142,4379,84,39748
Maharashtra,2024-01-26,51498142,5223,75,42693
Maharashtra,2024-01-27,51498142,4711,82,40918
Maharashtra,2024-01-28,51498142,4356,85,40552
Maharashtra,2024-01-29,51498142,4810,81,41188
Maharashtra,2024-01-30,51498142,4299,76,42255
Maharashtra,2024-01-31,51498142,4698,82,39491
Maharashtra,2024-02-01,51498142,5286,84,39728
Maharashtra,2024-02-02,51498142,4780,83,41175
Maharashtra,2024-02-03,51498142,4760,75,39989
Maharashtra,2024-02-04,51498142,4587,85,41863
Maharashtra,2024-02-05,51498142,5001,81,38811
Maharashtra,2024-02-06,51498142,5152,82,38814
Maharashtra,2024-02-07,51498142,5036,76,39027
Maharashtra,2024-02-08,51498142,4788,79,39410
Maharashtra,2024-02-09,51498142,4306,80,39287
Maharashtra,2024-02-10,51498142,4863,77,42392
Maharashtra,2024-02-11,51498142,5175,82,41568
Maharashtra,2024-02-12,51498142,4417,82,41115
Maharashtra,2024-02-13,51498142,4667,80,39124
Maharashtra,2024-02-14,51498142,4474,76,41772
Maharashtra,2024-02-15,51498142,4962,81,42774
Maharashtra,2024-02-16,51498142,4770,80,41179
Maharashtra,2024-02-17,51498142,4727,76,42159
Maharashtra,2024-02-18,51498142,4361,85,39763
Maharashtra,2024-02-19,51498142,5009,75,38844
Maharashtra,2024-02-20,51498142,5205,81,39663
Maharashtra,2024-02-21,51498142,4959,81,42302
Maharashtra,2024-02-22,51498142,4395,76,38839
Maharashtra,2024-02-23,51498142,5286,78,41679
Maharashtra,2024-02-24,51498142,5124,82,42576
Maharashtra,2024-02-25,51498142,5172,81,39862
Maharashtra,2024-02-26,51498142,4486,84,42189
Maharashtra,2024-02-27,51498142,4335,85,40906
Maharashtra,2024-02-28,51498142,5156,78,42553
Maharashtra,2024-02-29,51498142,4906,76,42136
Rajasthan,2024-01-01,27997693,6173,66,46988
Rajasthan,2024-01-02,27997693,6085,69,44754
Rajasthan,2024-01-03,27997693,6108,73,45588
Rajasthan,2024-01-04,27997693,6806,74,47624
Rajasthan,2024-01-05,27997693,6491,74,47036
Rajasthan,2024-01-06,27997693,6899,76,47304
Rajasthan,2024-01-07,27997693,6721,69,45402
Rajasthan,2024-01-08,27997693,6821,68,45229
Rajasthan,2024-01-09,27997693,6477,74,46034
Rajasthan,2024-01-10,27997693,6710,76,46571
Rajasthan,2024-01-11,27997693,6027,70,47233
Rajasthan,2024-01-12,27997693,6213,73,46347
Rajasthan,2024-01-13,27997693,6222,74,44957
Rajasthan,2024-01-14,27997693,6696,68,46610
Rajasthan,2024-01-15,27997693,6462,69,46676
Rajasthan,2024-01-16,27997693,6512,72,45515
Rajasthan,2024-01-17,27997693,6785,69,45452
Rajasthan,2024-01-18,27997693,6534,76,46987
Rajasthan,2024-01-19,27997693,6185,67,48267
Rajasthan,2024-01-20,27997693,6460,74,46368
Rajasthan,2024-01-21,27997693,6617,72,45093
Rajasthan,2024-01-22,27997693,6403,74,48645
Rajasthan,2024-01-23,27997693,6036,71,47190
Rajasthan,2024-01-24,27997693,6441,72,46770
Rajasthan,2024-01-25,27997693,6339,70,47812
Rajasthan,2024-01-26,27997693,6138,74,46070
Rajasthan,2024-01-27,27997693,6459,71,46980
Rajasthan,2024-01-28,27997693,6784,66,45774
Rajasthan,2024-01-29,27997693,6314,66,48520
Rajasthan,2024-01-30,27997693,6372,66,46263
Rajasthan,2024-01-31,27997693,6446,70,47753
Rajasthan,2024-02-01,27997693,6321,76,46707
Rajasthan,2024-02-02,27997693,6708,74,47644
Rajasthan,2024-02-03,27997693,6736,76,47094
Rajasthan,2024-02-04,27997693,6283,76,47116
Rajasthan,2024-02-05,27997693,6893,71,46219
Rajasthan,2024-02-06,27997693,6528,72,47010
Rajasthan,2024-02-07,27997693,6093,67,46150
Rajasthan,2024-02-08,27997693,6706,66,47043
Rajasthan,2024-02-09,27997693,6793,75,47660
Rajasthan,2024-02-10,27997693,6865,67,46851
Rajasthan,2024-02-11,27997693,6310,67,48221
Rajasthan,2024-02-12,27997693,6863,70,47012
Rajasthan,2024-02-13,27997693,6618,68,48256
Rajasthan,2024-02-14,27997693,6625,68,45808
Rajasthan,2024-02-15,27997693,6872,69,47007
Rajasthan,2024-02-16,27997693,6723,74,48315
Rajasthan,2024-02-17,27997693,6692,72,46941
Rajasthan,2024-02-18,27997693,6412,66,48472
Rajasthan,2024-02-19,27997693,6908,70,45912
Rajasthan,2024-02-20,27997693,6242,76,47141
Rajasthan,2024-02-21,27997693,6271,72,48361
Rajasthan,2024-02-22,27997693,6813,72,47523
Rajasthan,2024-02-23,27997693,6724,74,47675
Rajasthan,2024-02-24,27997693,6162,67,47618
Rajasthan,2024-02-25,27997693,6228,67,47782
Rajasthan,2024-02-26,27997693,6728,72,45256
Rajasthan,2024-02-27,27997693,6036,69,46003
Rajasthan,2024-02-28,27997693,6760,67,44809
Rajasthan,2024-02-29,27997693,6462,74,48498
Punjab,2024-01-01,95097338,5698,82,31053
Punjab,2024-01-02,95097338,4905,86,30182
Punjab,2024-01-03,95097338,4865,77,31291
Punjab,2024-01-04,95097338,4931,76,30169
Punjab,2024-01-05,95097338,5746,80,32191
Punjab,2024-01-06,95097338,4959,78,30679
Punjab,2024-01-07,95097338,5324,77,30822
Punjab,2024-01-08,95097338,4925,81,33785
Punjab,2024-01-09,95097338,5166,81,32768
Punjab,2024-01-10,95097338,5381,79,30716
Punjab,2024-01-11,95097338,5818,79,30125
Punjab,2024-01-12,95097338,4984,77,32557
Punjab,2024-01-13,95097338,5445,79,33502
Punjab,2024-01-14,95097338,4958,80,30405
Punjab,2024-01-15,95097338,5618,76,32357
Punjab,2024-01-16,95097338,5645,80,33159
Punjab,2024-01-17,95097338,5389,82,33303
Punjab,2024-01-18,95097338,5250,85,33285
Punjab,2024-01-19,95097338,5496,83,33640
Punjab,2024-01-20,95097338,5295,82,30849
Punjab,2024-01-21,95097338,5792,80,31802
Punjab,2024-01-22,95097338,5406,77,31629
Punjab,2024-01-23,95097338,4951,85,30309
Punjab,2024-01-24,95097338,5357,76,31501
Punjab,2024-01-25,95097338,5687,77,29861
Punjab,2024-01-26,95097338,5767,77,30079
Punjab,2024-01-27,95097338,5520,76,32105
Punjab,2024-01-28,95097338,5477,80,33391
Punjab,2024-01-29,95097338,4991,76,33169
Punjab,2024-01-30,95097338,5673,83,33664
Punjab,2024-01-31,95097338,5163,85,32626
Punjab,2024-02-01,95097338,5078,85,31536
Punjab,2024-02-02,95097338,5597,82,30591
Punjab,2024-02-03,95097338,5788,86,31725
Punjab,2024-02-04,95097338,4948,80,31729
Punjab,2024-02-05,95097338,5134,82,33637
Punjab,2024-02-06,95097338,5241,84,31103
Punjab,2024-02-07,95097338,5597,79,30582
Punjab,2024-02-08,95097338,4976,83,31669
Punjab,2024-02-09,95097338,5356,81,30417
Punjab,2024-02-10,95097338,5649,84,33423
Punjab,2024-02-11,95097338,5353,76,31630
Punjab,2024-02-12,95097338,5123,84,30499
Punjab,2024-02-13,95097338,5342,78,33536
Punjab,2024-02-14,95097338,5743,82,30558
Punjab,2024-02-15,95097338,5318,76,32258
Punjab,2024-02-16,95097338,4948,84,33603
Punjab,2024-02-17,95097338,5308,79,29853
Punjab,2024-02-18,95097338,4978,76,31330
Punjab,2024-02-19,95097338,5801,80,33405
Punjab,2024-02-20,95097338,5677,77,33050
Punjab,2024-02-21,95097338,5295,86,29954
Punjab,2024-02-22,95097338,4906,80,30689
Punjab,2024-02-23,95097338,5023,79,33114
Punjab,2024-02-24,95097338,5230,82,30767
Punjab,2024-02-25,95097338,5384,76,31110
Punjab,2024-02-26,95097338,5064,76,30664
Punjab,2024-02-27,95097338,5643,81,32128
Punjab,2024-02-28,95097338,5101,86,31140
Punjab,2024-02-29,95097338,5596,83,31976
Gujarat,2024-01-01,51222514,7958,86,57064
Gujarat,2024-01-02,51222514,8540,88,55112
Gujarat,2024-01-03,51222514,8802,86,56613
Gujarat,2024-01-04,51222514,8033,93,58512
Gujarat,2024-01-05,51222514,8275,86,57711
Gujarat,2024-01-06,51222514,8137,91,55037
Gujarat,2024-01-07,51222514,8879,87,54999
Gujarat,2024-01-08,51222514,8695,90,55468
Gujarat,2024-01-09,51222514,8575,86,58566
Gujarat,2024-01-10,51222514,8342,91,58077
Gujarat,2024-01-11,51222514,8862,89,58624
Gujarat,2024-01-12,51222514,8504,90,57589
Gujarat,2024-01-13,51222514,8733,89,56460
Gujarat,2024-01-14,51222514,8451,85,56482
Gujarat,2024-01-15,51222514,8328,87,56225
Gujarat,2024-01-16,51222514,7992,87,55607
Gujarat,2024-01-17,51222514,8595,91,56376
Gujarat,2024-01-18,51222514,8726,89,58025
Gujarat,2024-01-19,51222514,8646,87,57896
Gujarat,2024-01-20,51222514,8359,84,58592
Gujarat,2024-01-21,51222514,8276,87,56069
Gujarat,2024-01-22,51222514,8579,85,57286
Gujarat,2024-01-23,51222514,8034,89,58856
Gujarat,2024-01-24,51222514,8222,84,55996
Gujarat,2024-01-25,51222514,8897,85,56344
Gujarat,2024-01-26,51222514,8748,91,58707
Gujarat,2024-01-27,51222514,8490,85,55504
Gujarat,2024-01-28,51222514,8791,88,58512
Gujarat,2024-01-29,51222514,8135,91,55992
Gujarat,2024-01-30,51222514,8461,89,55928
Gujarat,2024-01-31,51222514,8479,89,57956
Gujarat,2024-02-01,51222514,8010,94,55488
Gujarat,2024-02-02,51222514,8431,90,56961
Gujarat,2024-02-03,51222514,8342,91,57891
Gujarat,2024-02-04,51222514,8080,91,55899
Gujarat,2024-02-05,51222514,8225,87,57933
Gujarat,2024-02-06,51222514,8334,89,58113
Gujarat,2024-02-07,51222514,8197,89,55440
Gujarat,2024-02-08,51222514,8293,94,57034
Gujarat,2024-02-09,51222514,8785,84,56887
Gujarat,2024-02-10,51222514,8386,94,55040
Gujarat,2024-02-11,51222514,8836,90,56001
Gujarat,2024-02-12,51222514,8071,91,55747
Gujarat,2024-02-13,51222514,8242,86,55022
Gujarat,2024-02-14,51222514,7939,86,57298
Gujarat,2024-02-15,51222514,8256,88,58091
Gujarat,2024-02-16,51222514,8034,94,56457
Gujarat,2024-02-17,51222514,8157,93,56224
Gujarat,2024-02-18,51222514,8198,84,55640
Gujarat,2024-02-19,51222514,8545,91,58169
Gujarat,2024-02-20,51222514,8160,93,57367
Gujarat,2024-02-21,51222514,8729,88,55912
Gujarat,2024-02-22,51222514,8158,85,55885
Gujarat,2024-02-23,51222514,8064,90,57162
Gujarat,2024-02-24,51222514,7942,94,58281
Gujarat,2024-02-25,51222514,8548,88,57948
Gujarat,2024-02-26,51222514,8482,86,55230
Gujarat,2024-02-27,51222514,8665,89,57772
Gujarat,2024-02-28,51222514,8190,84,55869
Gujarat,2024-02-29,51222514,8745,92,57464
Uttar Pradesh,2024-01-01,37525437,4064,63,46967
Uttar Pradesh,2024-01-02,37525437,4403,68,44736
Uttar Pradesh,2024-01-03,37525437,4298,64,47880
Uttar Pradesh,2024-01-04,37525437,4384,69,46182
Uttar Pradesh,2024-01-05,37525437,4641,65,44742
Uttar Pradesh,2024-01-06,37525437,4224,61,47667
Uttar Pradesh,2024-01-07,37525437,4924,61,47879
Uttar Pradesh,2024-01-08,37525437,4658,62,44650
Uttar Pradesh,2024-01-09,37525437,4947,62,45136
Uttar Pradesh,2024-01-10,37525437,4720,61,47311
Uttar Pradesh,2024-01-11,37525437,4435,61,46580
Uttar Pradesh,2024-01-12,37525437,4422,62,45205
Uttar Pradesh,2024-01-13,37525437,4127,67,47586
Uttar Pradesh,2024-01-14,37525437,4576,67,45679
Uttar Pradesh,2024-01-15,37525437,4904,69,47888
Uttar Pradesh,2024-01-16,37525437,4190,62,47924
Uttar Pradesh,2024-01-17,37525437,4854,71,44552
Uttar Pradesh,2024-01-18,37525437,4557,71,46181
Uttar Pradesh,2024-01-19,37525437,4530,63,46508
Uttar Pradesh,2024-01-20,37525437,4328,65,45240
Uttar Pradesh,2024-01-21,37525437,4940,64,46937
Uttar Pradesh,2024-01-22,37525437,4424,62,45471
Uttar Pradesh,2024-01-23,37525437,4202,61,47219
Uttar Pradesh,2024-01-24,37525437,4480,68,44710
Uttar Pradesh,2024-01-25,37525437,4449,66,47894
Uttar Pradesh,2024-01-26,37525437,4889,67,47474
Uttar Pradesh,2024-01-27,37525437,3967,62,46949
Uttar Pradesh,2024-01-28,37525437,4823,69,48213
Uttar Pradesh,2024-01-29,37525437,4408,70,47233
Uttar Pradesh,2024-01-30,37525437,4690,63,47241
Uttar Pradesh,2024-01-31,37525437,4062,66,44845
Uttar Pradesh,2024-02-01,37525437,4286,70,47020
Uttar Pradesh,2024-02-02,37525437,4910,70,47717
Uttar Pradesh,2024-02-03,37525437,4130,69,47119
Uttar Pradesh,2024-02-04,37525437,4703,68,47738
Uttar Pradesh,2024-02-05,37525437,4841,70,44630
Uttar Pradesh,2024-02-06,37525437,4277,66,46221
Uttar Pradesh,2024-02-07,37525437,4286,63,46931
Uttar Pradesh,2024-02-08,37525437,4314,66,44533
Uttar Pradesh,2024-02-09,37525437,4367,65,47452
Uttar Pradesh,2024-02-10,37525437,4589,66,44932
Uttar Pradesh,2024-02-11,37525437,4672,63,44507
Uttar Pradesh,2024-02-12,37525437,4110,65,45929
Uttar Pradesh,2024-02-13,37525437,4330,63,45305
Uttar Pradesh,2024-02-14,37525437,4457,68,44545
Uttar Pradesh,2024-02-15,37525437,4848,70,44803
Uttar Pradesh,2024-02-16,37525437,4030,69,46765
Uttar Pradesh,2024-02-17,37525437,4679,69,47610
Uttar Pradesh,2024-02-18,37525437,4369,69,45786
Uttar Pradesh,2024-02-19,37525437,4049,65,45489
Uttar Pradesh,2024-02-20,37525437,4899,69,47133
Uttar Pradesh,2024-02-21,37525437,4580,63,48236
Uttar Pradesh,2024-02-22,37525437,4753,70,45375
Uttar Pradesh,2024-02-23,37525437,4188,67,47973
Uttar Pradesh,2024-02-24,37525437,4109,65,46165
Uttar Pradesh,2024-02-25,37525437,4421,63,46597
Uttar Pradesh,2024-02-26,37525437,4258,67,45772
Uttar Pradesh,2024-02-27,37525437,4180,67,45034
Uttar Pradesh,2024-02-28,37525437,4191,67,45546
Uttar Pradesh,2024-02-29,37525437,4944,62,47473
Bihar,2024-01-01,86037258,6681,57,20373
Bihar,2024-01-02,86037258,6306,62,20665
Bihar,2024-01-03,86037258,6551,55,21571
Bihar,2024-01-04,86037258,6320,60,21634
Bihar,2024-01-05,86037258,6764,60,22326
Bihar,2024-01-06,86037258,6437,62,23238
Bihar,2024-01-07,86037258,6917,57,22235
Bihar,2024-01-08,86037258,6329,62,23464
Bihar,2024-01-09,86037258,6674,56,21792
Bihar,2024-01-10,86037258,6496,56,20943
Bihar,2024-01-11,86037258,6450,63,20645
Bihar,2024-01-12,86037258,6589,55,21911
Bihar,2024-01-13,86037258,6667,65,23789
Bihar,2024-01-14,86037258,6600,62,20850
Bihar,2024-01-15,86037258,6507,56,20314
Bihar,2024-01-16,86037258,6235,55,21104
Bihar,2024-01-17,86037258,6081,62,23264
Bihar,2024-01-18,86037258,6286,64,21712
Bihar,2024-01-19,86037258,6170,65,24061
Bihar,2024-01-20,86037258,6675,55,20700
Bihar,2024-01-21,86037258,6388,64,22461
Bihar,2024-01-22,86037258,7004,63,22370
Bihar,2024-01-23,86037258,6846,65,24156
Bihar,2024-01-24,86037258,6474,61,21276
Bihar,2024-01-25,86037258,6986,56,20919
Bihar,2024-01-26,86037258,6210,59,20481
Bihar,2024-01-27,86037258,6161,56,22800
Bihar,2024-01-28,86037258,6129,59,23611
Bihar,2024-01-29,86037258,6210,65,20381
Bihar,2024-01-30,86037258,6208,64,22201
Bihar,2024-01-31,86037258,6136,56,23442
Bihar,2024-02-01,86037258,6513,61,23517
Bihar,2024-02-02,86037258,6573,56,21213
Bihar,2024-02-03,86037258,6280,57,23996
Bihar,2024-02-04,86037258,6194,56,22357
Bihar,2024-02-05,86037258,6270,61,23156
Bihar,2024-02-06,86037258,6418,64,22102
Bihar,2024-02-07,86037258,6339,59,21469
Bihar,2024-02-08,86037258,6420,57,22104
Bihar,2024-02-09,86037258,6126,56,22713
Bihar,2024-02-10,86037258,6857,65,21821
Bihar,2024-02-11,86037258,6580,63,21693
Bihar,2024-02-12,86037258,6304,60,21718
Bihar,2024-02-13,86037258,6877,56,23923
Bihar,2024-02-14,86037258,6438,59,22173
Bihar,2024-02-15,86037258,6046,59,20267
Bihar,2024-02-16,86037258,6299,60,23745
Bihar,2024-02-17,86037258,6457,63,23388
Bihar,2024-02-18,86037258,6664,55,22510
Bihar,2024-02-19,86037258,6226,56,23155
Bihar,2024-02-20,86037258,6884,65,20899
Bihar,2024-02-21,86037258,6391,58,22917
Bihar,2024-02-22,86037258,6841,59,22496
Bihar,2024-02-23,86037258,6607,64,22284
Bihar,2024-02-24,86037258,6470,62,21029
Bihar,2024-02-25,86037258,6684,64,20521
Bihar,2024-02-26,86037258,6843,59,23775
Bihar,2024-02-27,86037258,6728,56,23894
Bihar,2024-02-28,86037258,6227,63,21252
Bihar,2024-02-29,86037258,6053,64,23927
West Bengal,2024-01-01,148066766,6691,60,50229
West Bengal,2024-01-02,148066766,6247,54,51242
West Bengal,2024-01-03,148066766,6001,58,51047
West Bengal,2024-01-04,148066766,6606,64,52739
West Bengal,2024-01-05,148066766,6511,60,52108
West Bengal,2024-01-06,148066766,6505,54,51694
West Bengal,2024-01-07,148066766,6044,58,51681
West Bengal,2024-01-08,148066766,6778,64,52369
West Bengal,2024-01-09,148066766,5851,63,50972
West Bengal,2024-01-10,148066766,6683,64,50950
West Bengal,2024-01-11,148066766,5917,54,50296
West Bengal,2024-01-12,148066766,6451,64,50150
West Bengal,2024-01-13,148066766,6135,61,49254
West Bengal,2024-01-14,148066766,5910,60,51219
West Bengal,2024-01-15,148066766,6000,61,52270
West Bengal,2024-01-16,148066766,6039,57,52574
West Bengal,2024-01-17,148066766,6722,58,50249
West Bengal,2024-01-18,148066766,6465,62,51393
West Bengal,2024-01-19,148066766,6461,59,49485
West Bengal,2024-01-20,148066766,5984,54,52666
West Bengal,2024-01-21,148066766,6442,58,51388
West Bengal,2024-01-22,148066766,6666,59,51958
West Bengal,2024-01-23,148066766,6794,59,50077
West Bengal,2024-01-24,148066766,6451,55,49343
West Bengal,2024-01-25,148066766,6035,54,51114
West Bengal,2024-01-26,148066766,6756,62,52010
West Bengal,2024-01-27,148066766,6381,59,52176
West Bengal,2024-01-28,148066766,6307,56,48950
West Bengal,2024-01-29,148066766,6473,55,52628
West Bengal,2024-01-30,148066766,6762,56,50626
West Bengal,2024-01-31,148066766,6335,59,50647
West Bengal,2024-02-01,148066766,6477,55,51765
West Bengal,2024-02-02,148066766,6038,61,50298
West Bengal,2024-02-03,148066766,6411,55,50324
West Bengal,2024-02-04,148066766,6273,54,52129
West Bengal,2024-02-05,148066766,6797,55,52554
West Bengal,2024-02-06,148066766,5921,61,52212
West Bengal,2024-02-07,148066766,6741,59,49742
West Bengal,2024-02-08,148066766,6715,56,51744
West Bengal,2024-02-09,148066766,5982,54,49491
West Bengal,2024-02-10,148066766,6653,62,49338
West Bengal,2024-02-11,148066766,6007,62,49855
West Bengal,2024-02-12,148066766,6171,62,50973
West Bengal,2024-02-13,148066766,6553,64,51100
West Bengal,2024-02-14,148066766,6296,61,50462
West Bengal,2024-02-15,148066766,6526,54,50659
West Bengal,2024-02-16,148066766,6007,57,49344
West Bengal,2024-02-17,148066766,6005,57,49891
West Bengal,2024-02-18,148066766,6056,64,52326
West Bengal,2024-02-19,148066766,6193,62,50813
West Bengal,2024-02-20,148066766,5917,58,51168
West Bengal,2024-02-21,148066766,6740,57,49090
West Bengal,2024-02-22,148066766,6786,63,51098
West Bengal,2024-02-23,148066766,6610,59,49843
West Bengal,2024-02-24,148066766,6183,55,51691
West Bengal,2024-02-25,148066766,6406,56,49411
West Bengal,2024-02-26,148066766,6808,61,51602
West Bengal,2024-02-27,148066766,6235,55,51567
West Bengal,2024-02-28,148066766,6224,60,49071
West Bengal,2024-02-29,148066766,6783,62,49536
Haryana,2024-01-01,139976395,8152,60,22212
Haryana,2024-01-02,139976395,8042,64,21815
Haryana,2024-01-03,139976395,8215,57,23874
Haryana,2024-01-04,139976395,7822,64,23931
Haryana,2024-01-05,139976395,8077,62,24207
Haryana,2024-01-06,139976395,8407,61,24466
Haryana,2024-01-07,139976395,7977,59,23602
Haryana,2024-01-08,139976395,8031,57,21148
Haryana,2024-01-09,139976395,7765,59,22689
Haryana,2024-01-10,139976395,8583,63,24600
Haryana,2024-01-11,139976395,7765,58,23758
Haryana,2024-01-12,139976395,7746,63,24331
Haryana,2024-01-13,139976395,8109,57,24188
Haryana,2024-01-14,139976395,8385,61,21637
Haryana,2024-01-15,139976395,8512,63,21240
Haryana,2024-01-16,139976395,8416,61,22844
Haryana,2024-01-17,139976395,7987,63,24640
Haryana,2024-01-18,139976395,8127,62,22648
Haryana,2024-01-19,139976395,8688,61,24255
Haryana,2024-01-20,139976395,8232,56,24007
Haryana,2024-01-21,139976395,7978,57,23155
Haryana,2024-01-22,139976395,8701,64,24743
Haryana,2024-01-23,139976395,8138,64,22599
Haryana,2024-01-24,139976395,7960,65,24870
Haryana,2024-01-25,139976395,8579,58,22033
Haryana,2024-01-26,139976395,7743,59,21643
Haryana,2024-01-27,139976395,8363,58,24778
Haryana,2024-01-28,139976395,8372,60,23839
Haryana,2024-01-29,139976395,7967,62,23051
Haryana,2024-01-30,139976395,8696,61,23874
Haryana,2024-01-31,139976395,7806,55,21074
Haryana,2024-02-01,139976395,8218,65,21052
Haryana,2024-02-02,139976395,7745,65,24477
Haryana,2024-02-03,139976395,8404,56,21630
Haryana,2024-02-04,139976395,7782,60,22665
Haryana,2024-02-05,139976395,7751,61,23243
Haryana,2024-02-06,139976395,8373,61,24970
Haryana,2024-02-07,139976395,8531,60,22076
Haryana,2024-02-08,139976395,8022,56,24174
Haryana,2024-02-09,139976395,8587,58,21456
Haryana,2024-02-10,139976395,7770,58,23689
Haryana,2024-02-11,139976395,8257,57,23283
Haryana,2024-02-12,139976395,8615,62,22113
Haryana,2024-02-13,139976395,8572,61,23242
Haryana,2024-02-14,139976395,8052,65,24184
Haryana,2024-02-15,139976395,8301,65,24291
Haryana,2024-02-16,139976395,8014,64,21816
Haryana,2024-02-17,139976395,8060,57,22476
Haryana,2024-02-18,139976395,7838,58,23625
Haryana,2024-02-19,139976395,8268,61,23517
Haryana,2024-02-20,139976395,7859,55,22505
Haryana,2024-02-21,139976395,8044,61,24385
Haryana,2024-02-22,139976395,8438,59,24181
Haryana,2024-02-23,139976395,8256,56,24715
Haryana,2024-02-24,139976395,7816,56,23498
Haryana,2024-02-25,139976395,8572,55,24383
Haryana,2024-02-26,139976395,8664,58,22810
Haryana,2024-02-27,139976395,8411,61,24737
Haryana,2024-02-28,139976395,8023,63,21036
Haryana,2024-02-29,139976395,8724,56,22676
Karnataka,2024-01-01,74913018,5895,72,31236
Karnataka,2024-01-02,74913018,6385,70,34451
Karnataka,2024-01-03,74913018,6622,80,31222
Karnataka,2024-01-04,74913018,6481,78,31875
Karnataka,2024-01-05,74913018,6130,77,33191
Karnataka,2024-01-06,74913018,6360,70,31770
Karnataka,2024-01-07,74913018,5969,80,33966
Karnataka,2024-01-08,74913018,5906,71,34120
Karnataka,2024-01-09,74913018,6016,79,33461
Karnataka,2024-01-10,74913018,6372,76,33992
Karnataka,2024-01-11,74913018,6447,78,32919
Karnataka,2024-01-12,74913018,5964,76,34477
Karnataka,2024-01-13,74913018,5801,79,31636
Karnataka,2024-01-14,74913018,5793,72,31557
Karnataka,2024-01-15,74913018,5944,78,32896
Karnataka,2024-01-16,74913018,6015,80,34065
Karnataka,2024-01-17,74913018,6256,73,32357
Karnataka,2024-01-18,74913018,5965,80,33858
Karnataka,2024-01-19,74913018,6144,71,32495
Karnataka,2024-01-20,74913018,5972,78,33528
Karnataka,2024-01-21,74913018,5902,71,32008
Karnataka,2024-01-22,74913018,6469,71,34536
Karnataka,2024-01-23,74913018,5814,76,33383
Karnataka,2024-01-24,74913018,6354,73,31512
Karnataka,2024-01-25,74913018,6029,74,35066
Karnataka,2024-01-26,74913018,6055,79,33673
Karnataka,2024-01-27,74913018,5996,79,33995
Karnataka,2024-01-28,74913018,6463,73,32329
Karnataka,2024-01-29,74913018,5961,76,31979
Karnataka,2024-01-30,74913018,6071,79,33801
Karnataka,2024-01-31,74913018,6443,73,33469
Karnataka,2024-02-01,74913018,6670,73,31123
Karnataka,2024-02-02,74913018,6081,77,31645
Karnataka,2024-02-03,74913018,6278,80,33826
Karnataka,2024-02-04,74913018,6696,76,32857
Karnataka,2024-02-05,74913018,6701,70,33057
Karnataka,2024-02-06,74913018,6281,79,31940
Karnataka,2024-02-07,74913018,6402,78,33543
Karnataka,2024-02-08,74913018,5862,70,34845
Karnataka,2024-02-09,74913018,6731,75,32223
Karnataka,2024-02-10,74913018,6693,73,34591
Karnataka,2024-02-11,74913018,5966,77,33926
Karnataka,2024-02-12,74913018,6604,74,34129
Karnataka,2024-02-13,74913018,6705,73,31177
Karnataka,2024-02-14,74913018,6531,74,33434
Karnataka,2024-02-15,74913018,6228,73,31306
Karnataka,2024-02-16,74913018,6172,77,33707
Karnataka,2024-02-17,74913018,5871,76,31316
Karnataka,2024-02-18,74913018,6670,77,31504
Karnataka,2024-02-19,74913018,6495,74,31490
Karnataka,2024-02-20,74913018,6558,71,32865
Karnataka,2024-02-21,74913018,5772,76,31402
Karnataka,2024-02-22,74913018,6479,76,33461
Karnataka,2024-02-23,74913018,5954,76,32430
Karnataka,2024-02-24,74913018,6070,73,33074
Karnataka,2024-02-25,74913018,5872,71,31383
Karnataka,2024-02-26,74913018,6512,71,32779
Karnataka,2024-02-27,74913018,6702,80,31130
Karnataka,2024-02-28,74913018,6031,70,34756
Karnataka,2024-02-29,74913018,5928,77,33977
Tamil Nadu,2024-01-01,139772917,9280,75,46449
Tamil Nadu,2024-01-02,139772917,8633,71,45293
Tamil Nadu,2024-01-03,139772917,8937,71,44040
Tamil Nadu,2024-01-04,139772917,9077,73,47091
Tamil Nadu,2024-01-05,139772917,9030,75,46222
Tamil Nadu,2024-01-06,139772917,8475,72,45282
Tamil Nadu,2024-01-07,139772917,9358,75,45859
Tamil Nadu,2024-01-08,139772917,9257,71,46615
Tamil Nadu,2024-01-09,139772917,8641,69,46068
Tamil Nadu,2024-01-10,139772917,9330,67,47325
Tamil Nadu,2024-01-11,139772917,8878,72,46866
Tamil Nadu,2024-01-12,139772917,9326,70,45369
Tamil Nadu,2024-01-13,139772917,9393,74,44148
Tamil Nadu,2024-01-14,139772917,8496,74,47464
Tamil Nadu,2024-01-15,139772917,9120,76,47030
Tamil Nadu,2024-01-16,139772917,9020,73,45984
Tamil Nadu,2024-01-17,139772917,8904,71,47023
Tamil Nadu,2024-01-18,139772917,9282,67,43652
Tamil Nadu,2024-01-19,139772917,9331,75,44969
Tamil Nadu,2024-01-20,139772917,9187,75,45418
Tamil Nadu,2024-01-21,139772917,8722,67,45503
Tamil Nadu,2024-01-22,139772917,9240,72,44463
Tamil Nadu,2024-01-23,139772917,8761,71,47084
Tamil Nadu,2024-01-24,139772917,8781,69,44596
Tamil Nadu,2024-01-25,139772917,8755,72,46207
Tamil Nadu,2024-01-26,139772917,8806,69,46426
Tamil Nadu,2024-01-27,139772917,9017,68,45146
Tamil Nadu,2024-01-28,139772917,8832,71,46054
Tamil Nadu,2024-01-29,139772917,8619,72,45300
Tamil Nadu,2024-01-30,139772917,9077,75,46644
Tamil Nadu,2024-01-31,139772917,9272,75,45389
Tamil Nadu,2024-02-01,139772917,8817,77,47454
Tamil Nadu,2024-02-02,139772917,9079,71,43862
Tamil Nadu,2024-02-03,139772917,8569,71,46948
Tamil Nadu,2024-02-04,139772917,9302,75,47519
Tamil Nadu,2024-02-05,139772917,9106,77,46278
Tamil Nadu,2024-02-06,139772917,8460,74,46882
Tamil Nadu,2024-02-07,139772917,9386,76,46005
Tamil Nadu,2024-02-08,139772917,8873,76,44748
Tamil Nadu,2024-02-09,139772917,9145,72,44709
Tamil Nadu,2024-02-10,139772917,9357,70,45461
Tamil Nadu,2024-02-11,139772917,8464,70,45971
Tamil Nadu,2024-02-12,139772917,8500,76,45736
Tamil Nadu,2024-02-13,139772917,9351,72,44124
Tamil Nadu,2024-02-14,139772917,9207,77,44089
Tamil Nadu,2024-02-15,139772917,8790,68,46441
Tamil Nadu,2024-02-16,139772917,9348,74,45367
Tamil Nadu,2024-02-17,139772917,8943,77,46464
Tamil Nadu,2024-02-18,139772917,8812,74,43824
Tamil Nadu,2024-02-19,139772917,9416,74,45550
Tamil Nadu,2024-02-20,139772917,9256,76,43813
Tamil Nadu,2024-02-21,139772917,9083,72,45208
Tamil Nadu,2024-02-22,139772917,8511,70,44123
Tamil Nadu,2024-02-23,139772917,8919,69,45624
Tamil Nadu,2024-02-24,139772917,8803,68,43646
Tamil Nadu,2024-02-25,139772917,8806,72,44814
Tamil Nadu,2024-02-26,139772917,9014,73,45834
Tamil Nadu,2024-02-27,139772917,9346,74,44240
Tamil Nadu,2024-02-28,139772917,8763,72,47111
Tamil Nadu,2024-02-29,139772917,8604,70,45802
Kerala,2024-01-01,131508295,4509,52,43094
Kerala,2024-01-02,131508295,4150,55,45566
Kerala,2024-01-03,131508295,4591,49,42821
Kerala,2024-01-04,131508295,4591,49,42032
Kerala,2024-01-05,131508295,4177,53,44345
Kerala,2024-01-06,131508295,4352,56,43223
Kerala,2024-01-07,131508295,4089,57,45329
Kerala,2024-01-08,131508295,4195,48,42078
Kerala,2024-01-09,131508295,4194,54,44671
Kerala,2024-01-10,131508295,3899,51,44860
Kerala,2024-01-11,131508295,4610,54,41779
Kerala,2024-01-12,131508295,4045,47,44216
Kerala,2024-01-13,131508295,4832,55,42231
Kerala,2024-01-14,131508295,4048,48,45255
Kerala,2024-01-15,131508295,4577,49,45142
Kerala,2024-01-16,131508295,4211,57,44392
Kerala,2024-01-17,131508295,4307,53,45059
Kerala,2024-01-18,131508295,4697,55,43629
Kerala,2024-01-19,131508295,3960,53,43404
Kerala,2024-01-20,131508295,4551,57,43206
Kerala,2024-01-21,131508295,4767,50,44109
Kerala,2024-01-22,131508295,4763,57,43650
Kerala,2024-01-23,131508295,4497,48,42860
Kerala,2024-01-24,131508295,4013,52,42604
Kerala,2024-01-25,131508295,3950,48,42659
Kerala,2024-01-26,131508295,4813,57,43663
Kerala,2024-01-27,131508295,4536,52,45554
Kerala,2024-01-28,131508295,4389,52,45124
Kerala,2024-01-29,131508295,3981,51,44258
Kerala,2024-01-30,131508295,4085,57,42883
Kerala,2024-01-31,131508295,4091,53,45238
Kerala,2024-02-01,131508295,4173,57,43772
Kerala,2024-02-02,131508295,4382,50,43443
Kerala,2024-02-03,131508295,4190,49,44636
Kerala,2024-02-04,131508295,4492,47,42870
Kerala,2024-02-05,131508295,3982,47,41927
Kerala,2024-02-06,131508295,4780,50,42266
Kerala,2024-02-07,131508295,4157,48,44174
Kerala,2024-02-08,131508295,4357,55,43647
Kerala,2024-02-09,131508295,4636,53,44277
Kerala,2024-02-10,131508295,4195,47,42266
Kerala,2024-02-11,131508295,4530,55,42107
Kerala,2024-02-12,131508295,3959,50,42713
Kerala,2024-02-13,131508295,4714,50,43313
Kerala,2024-02-14,131508295,4399,47,45474
Kerala,2024-02-15,131508295,4836,54,43513
Kerala,2024-02-16,131508295,4825,48,44815
Kerala,2024-02-17,131508295,4311,52,42582
Kerala,2024-02-18,131508295,4389,54,43720
Kerala,2024-02-19,131508295,4144,54,44074
Kerala,2024-02-20,131508295,4743,57,45016
Kerala,2024-02-21,131508295,4359,57,44791
Kerala,2024-02-22,131508295,3988,56,43260
Kerala,2024-02-23,131508295,4088,51,45448
Kerala,2024-02-24,131508295,4872,50,41851
Kerala,2024-02-25,131508295,4038,48,42706
Kerala,2024-02-26,131508295,3977,52,44936
Kerala,2024-02-27,131508295,4414,55,45201
Kerala,2024-02-28,131508295,4252,54,45512
Kerala,2024-02-29,131508295,4605,49,44446
Madhya Pradesh,2024-01-01,175176285,9820,68,56178
Madhya Pradesh,2024-01-02,175176285,9363,75,56497
Madhya Pradesh,2024-01-03,175176285,9323,77,55618
Madhya Pradesh,2024-01-04,175176285,9784,67,54610
Madhya Pradesh,2024-01-05,175176285,9286,71,57678
Madhya Pradesh,2024-01-06,175176285,9681,71,56379
Madhya Pradesh,2024-01-07,175176285,9611,67,57683
Madhya Pradesh,2024-01-08,175176285,8942,72,57617
Madhya Pradesh,2024-01-09,175176285,9319,75,54010
Madhya Pradesh,2024-01-10,175176285,9812,74,57498
Madhya Pradesh,2024-01-11,175176285,9552,76,56592
Madhya Pradesh,2024-01-12,175176285,9592,77,54578
Madhya Pradesh,2024-01-13,175176285,9250,74,57049
Madhya Pradesh,2024-01-14,175176285,8979,75,57809
Madhya Pradesh,2024-01-15,175176285,8957,70,55655
Madhya Pradesh,2024-01-16,175176285,9704,74,56240
Madhya Pradesh,2024-01-17,175176285,9330,77,56719
Madhya Pradesh,2024-01-18,175176285,9039,77,56744
Madhya Pradesh,2024-01-19,175176285,9583,69,54803
Madhya Pradesh,2024-01-20,175176285,9267,67,54480
Madhya Pradesh,2024-01-21,175176285,9591,69,55316
Madhya Pradesh,2024-01-22,175176285,8893,76,54340
Madhya Pradesh,2024-01-23,175176285,8832,74,55559
Madhya Pradesh,2024-01-24,175176285,9071,72,57098
Madhya Pradesh,2024-01-25,175176285,9337,70,54603
Madhya Pradesh,2024-01-26,175176285,9083,67,55717
Madhya Pradesh,2024-01-27,175176285,9580,74,56890
Madhya Pradesh,2024-01-28,175176285,8945,74,54725
Madhya Pradesh,2024-01-29,175176285,9138,77,55376
Madhya Pradesh,2024-01-30,175176285,9149,68,54171
Madhya Pradesh,2024-01-31,175176285,9330,77,55548
Madhya Pradesh,2024-02-01,175176285,9238,69,55209
Madhya Pradesh,2024-02-02,175176285,9571,71,54352
Madhya Pradesh,2024-02-03,175176285,9064,76,55108
Madhya Pradesh,2024-02-04,175176285,9602,73,57246
Madhya Pradesh,2024-02-05,175176285,9653,72,54910
Madhya Pradesh,2024-02-06,175176285,9380,73,56070
Madhya Pradesh,2024-02-07,175176285,8864,75,56003
Madhya Pradesh,2024-02-08,175176285,8965,67,55897
Madhya Pradesh,2024-02-09,175176285,9285,70,55339
Madhya Pradesh,2024-02-10,175176285,9197,72,55931
Madhya Pradesh,2024-02-11,175176285,9110,70,55816
Madhya Pradesh,2024-02-12,175176285,9516,73,55171
Madhya Pradesh,2024-02-13,175176285,8947,70,56432
Madhya Pradesh,2024-02-14,175176285,9756,70,55096
Madhya Pradesh,2024-02-15,175176285,9019,67,53985
Madhya Pradesh,2024-02-16,175176285,8867,71,57710
Madhya Pradesh,2024-02-17,175176285,8922,73,55444
Madhya Pradesh,2024-02-18,175176285,9294,67,56969
Madhya Pradesh,2024-02-19,175176285,8845,71,54606
Madhya Pradesh,2024-02-20,175176285,9445,72,55180
Madhya Pradesh,2024-02-21,175176285,9807,75,54587
Madhya Pradesh,2024-02-22,175176285,8982,68,57468
Madhya Pradesh,2024-02-23,175176285,8938,72,57671
Madhya Pradesh,2024-02-24,175176285,9196,73,55333
Madhya Pradesh,2024-02-25,175176285,9275,74,54485
Madhya Pradesh,2024-02-26,175176285,9749,69,57139
Madhya Pradesh,2024-02-27,175176285,9024,73,56559
Madhya Pradesh,2024-02-28,175176285,9631,71,55058
Madhya Pradesh,2024-02-29,175176285,8888,72,55201
Odisha,2024-01-01,87835546,5224,87,57201
Odisha,2024-01-02,87835546,4984,81,58093
Odisha,2024-01-03,87835546,5094,85,58263
Odisha,2024-01-04,87835546,4593,83,60069
Odisha,2024-01-05,87835546,5033,83,56596
Odisha,2024-01-06,87835546,4344,87,56551
Odisha,2024-01-07,87835546,4776,85,56894
Odisha,2024-01-08,87835546,4873,85,59212
Odisha,2024-01-09,87835546,4360,84,59534
Odisha,2024-01-10,87835546,4929,85,57877
Odisha,2024-01-11,87835546,4883,77,59125
Odisha,2024-01-12,87835546,4680,86,58383
Odisha,2024-01-13,87835546,4920,78,56570
Odisha,2024-01-14,87835546,4247,85,56841
Odisha,2024-01-15,87835546,4801,86,58969
Odisha,2024-01-16,87835546,4283,87,59782
Odisha,2024-01-17,87835546,4764,79,59082
Odisha,2024-01-18,87835546,4993,81,58544
Odisha,2024-01-19,87835546,4564,83,57956
Odisha,2024-01-20,87835546,5198,83,56316
Odisha,2024-01-21,87835546,5214,81,58012
Odisha,2024-01-22,87835546,4708,77,57533
Odisha,2024-01-23,87835546,4750,85,58633
Odisha,2024-01-24,87835546,4639,77,56682
Odisha,2024-01-25,87835546,4711,83,56574
Odisha,2024-01-26,87835546,4589,77,58029
Odisha,2024-01-27,87835546,4705,79,60141
Odisha,2024-01-28,87835546,4293,83,56331
Odisha,2024-01-29,87835546,4484,82,60149
Odisha,2024-01-30,87835546,4248,82,57841
Odisha,2024-01-31,87835546,5130,84,59414
Odisha,2024-02-01,87835546,4295,87,58288
Odisha,2024-02-02,87835546,4760,81,56266
Odisha,2024-02-03,87835546,4436,86,56558
Odisha,2024-02-04,87835546,4446,81,56729
Odisha,2024-02-05,87835546,4437,86,59491
Odisha,2024-02-06,87835546,4776,85,57395
Odisha,2024-02-07,87835546,4994,85,56517
Odisha,2024-02-08,87835546,5079,77,59023
Odisha,2024-02-09,87835546,4878,84,60015
Odisha,2024-02-10,87835546,5038,84,57034
Odisha,2024-02-11,87835546,4253,82,58518
Odisha,2024-02-12,87835546,4761,86,56863
Odisha,2024-02-13,87835546,4877,79,56753
Odisha,2024-02-14,87835546,4375,84,57710
Odisha,2024-02-15,87835546,4953,84,60004
Odisha,2024-02-16,87835546,4984,86,58198
Odisha,2024-02-17,87835546,5163,79,58166
Odisha,2024-02-18,87835546,5023,83,58605
Odisha,2024-02-19,87835546,4477,81,59771
Odisha,2024-02-20,87835546,4332,87,56732
Odisha,2024-02-21,87835546,4287,85,59166
Odisha,2024-02-22,87835546,4792,79,57050
Odisha,2024-02-23,87835546,4739,80,58788
Odisha,2024-02-24,87835546,5073,86,59196
Odisha,2024-02-25,87835546,4720,83,59190
Odisha,2024-02-26,87835546,4478,79,59573
Odisha,2024-02-27,87835546,4461,85,57793
Odisha,2024-02-28,87835546,5181,78,60194
Odisha,2024-02-29,87835546,5170,77,59632
Assam,2024-01-01,71035080,8740,86,58107
Assam,2024-01-02,71035080,8400,90,58811
Assam,2024-01-03,71035080,8255,80,57406
Assam,2024-01-04,71035080,8603,90,56502
Assam,2024-01-05,71035080,9091,83,56189
Assam,2024-01-06,71035080,8431,84,57259
Assam,2024-01-07,71035080,8701,88,57485
Assam,2024-01-08,71035080,8458,82,59590
Assam,2024-01-09,71035080,8590,88,58330
Assam,2024-01-10,71035080,8651,85,56600
Assam,2024-01-11,71035080,8725,80,58780
Assam,2024-01-12,71035080,8743,85,58303
Assam,2024-01-13,71035080,8160,85,58091
Assam,2024-01-14,71035080,8655,84,57355
Assam,2024-01-15,71035080,8218,82,58713
Assam,2024-01-16,71035080,8798,90,57730
Assam,2024-01-17,71035080,8193,85,57494
Assam,2024-01-18,71035080,8490,90,59164
Assam,2024-01-19,71035080,9071,83,56711
Assam,2024-01-20,71035080,9049,83,58788
Assam,2024-01-21,71035080,8375,82,59834
Assam,2024-01-22,71035080,9060,87,56915
Assam,2024-01-23,71035080,8263,81,57387
Assam,2024-01-24,71035080,8123,89,59880
Assam,2024-01-25,71035080,8793,90,57830
Assam,2024-01-26,71035080,8976,81,56402
Assam,2024-01-27,71035080,8162,90,56905
Assam,2024-01-28,71035080,9059,81,57836
Assam,2024-01-29,71035080,8449,84,59145
Assam,2024-01-30,71035080,8424,90,55974
Assam,2024-01-31,71035080,8111,83,57001
Assam,2024-02-01,71035080,8355,82,57498
Assam,2024-02-02,71035080,8939,90,57727
Assam,2024-02-03,71035080,8528,85,56806
Assam,2024-02-04,71035080,8338,89,58777
Assam,2024-02-05,71035080,9085,80,58389
Assam,2024-02-06,71035080,8738,84,59295
Assam,2024-02-07,71035080,8590,83,57547
Assam,2024-02-08,71035080,8942,80,56886
Assam,2024-02-09,71035080,8749,81,56999
Assam,2024-02-10,71035080,8925,89,57037
Assam,2024-02-11,71035080,8425,84,59060
Assam,2024-02-12,71035080,8784,88,56038
Assam,2024-02-13,71035080,8910,88,59183
Assam,2024-02-14,71035080,8753,80,57403
Assam,2024-02-15,71035080,8985,80,56283
Assam,2024-02-16,71035080,8629,83,56068
Assam,2024-02-17,71035080,8120,88,58837
Assam,2024-02-18,71035080,8781,89,58698
Assam,2024-02-19,71035080,9059,84,56782
Assam,2024-02-20,71035080,8698,87,56050
Assam,2024-02-21,71035080,8880,83,56475
Assam,2024-02-22,71035080,8978,90,58609
Assam,2024-02-23,71035080,8693,89,57365
Assam,2024-02-24,71035080,8544,89,59756
Assam,2024-02-25,71035080,8309,87,56379
Assam,2024-02-26,71035080,8523,82,59055
Assam,2024-02-27,71035080,8466,82,56367
Assam,2024-02-28,71035080,8302,81,57242
Assam,2024-02-29,71035080,8490,90,57854
Jharkhand,2024-01-01,189451343,5164,81,32953
Jharkhand,2024-01-02,189451343,5003,76,31029
Jharkhand,2024-01-03,189451343,5103,79,34406
Jharkhand,2024-01-04,189451343,4498,72,31323
Jharkhand,2024-01-05,189451343,4759,74,31725
Jharkhand,2024-01-06,189451343,4544,80,31278
Jharkhand,2024-01-07,189451343,4602,80,32029
Jharkhand,2024-01-08,189451343,5040,71,33653
Jharkhand,2024-01-09,189451343,4607,72,31620
Jharkhand,2024-01-10,189451343,5176,72,31788
Jharkhand,2024-01-11,189451343,5033,77,33176
Jharkhand,2024-01-12,189451343,5143,77,32354
Jharkhand,2024-01-13,189451343,5055,75,31448
Jharkhand,2024-01-14,189451343,4943,80,32076
Jharkhand,2024-01-15,189451343,4705,71,33899
Jharkhand,2024-01-16,189451343,5221,74,33831
Jharkhand,2024-01-17,189451343,5330,81,32475
Jharkhand,2024-01-18,189451343,5052,77,32345
Jharkhand,2024-01-19,189451343,5136,78,33745
Jharkhand,2024-01-20,189451343,5070,75,31836
Jharkhand,2024-01-21,189451343,5075,75,33668
Jharkhand,2024-01-22,189451343,4553,71,33672
Jharkhand,2024-01-23,189451343,5025,71,33265
Jharkhand,2024-01-24,189451343,4363,71,31615
Jharkhand,2024-01-25,189451343,5280,76,31013
Jharkhand,2024-01-26,189451343,4955,81,33483
Jharkhand,2024-01-27,189451343,4396,80,33850
Jharkhand,2024-01-28,189451343,4347,80,32315
Jharkhand,2024-01-29,189451343,4711,72,32956
Jharkhand,2024-01-30,189451343,5002,81,31819
Jharkhand,2024-01-31,189451343,5090,72,33021
Jharkhand,2024-02-01,189451343,5179,78,32911
Jharkhand,2024-02-02,189451343,4492,81,31420
Jharkhand,2024-02-03,189451343,4991,75,34016
Jharkhand,2024-02-04,189451343,5190,80,32189
Jharkhand,2024-02-05,189451343,4584,75,33762
Jharkhand,2024-02-06,189451343,4744,78,33571
Jharkhand,2024-02-07,189451343,4998,79,31224
Jharkhand,2024-02-08,189451343,4470,72,31414
Jharkhand,2024-02-09,189451343,4584,73,32764
Jharkhand,2024-02-10,189451343,4653,76,31101
Jharkhand,2024-02-11,189451343,5020,74,33044
Jharkhand,2024-02-12,189451343,4777,71,34786
Jharkhand,2024-02-13,189451343,5041,78,32898
Jharkhand,2024-02-14,189451343,5210,75,34324
Jharkhand,2024-02-15,189451343,4829,75,31371
Jharkhand,2024-02-16,189451343,4489,77,33324
Jharkhand,2024-02-17,189451343,4593,71,33623
Jharkhand,2024-02-18,189451343,4619,76,31424
Jharkhand,2024-02-19,189451343,5036,81,34294
Jharkhand,2024-02-20,189451343,4992,76,34373
Jharkhand,2024-02-21,189451343,4370,79,34505
Jharkhand,2024-02-22,189451343,5140,80,32227
Jharkhand,2024-02-23,189451343,4517,79,32037
Jharkhand,2024-02-24,189451343,4384,79,31945
Jharkhand,2024-02-25,189451343,5188,73,33614
Jharkhand,2024-02-26,189451343,5125,73,31413
Jharkhand,2024-02-27,189451343,4345,80,32746
Jharkhand,2024-02-28,189451343,4733,77,34314
Jharkhand,2024-02-29,189451343,5284,76,31340
Chhattisgarh,2024-01-01,181486241,9247,57,36365
Chhattisgarh,2024-01-02,181486241,8817,58,39580
Chhattisgarh,2024-01-03,181486241,8734,65,40055
Chhattisgarh,2024-01-04,181486241,9153,63,39264
Chhattisgarh,2024-01-05,181486241,8965,66,36491
Chhattisgarh,2024-01-06,181486241,8940,62,37969
Chhattisgarh,2024-01-07,181486241,9191,61,40251
Chhattisgarh,2024-01-08,181486241,9230,61,38983
Chhattisgarh,2024-01-09,181486241,9204,62,39506
Chhattisgarh,2024-01-10,181486241,8747,57,39261
Chhattisgarh,2024-01-11,181486241,9463,66,39543
Chhattisgarh,2024-01-12,181486241,8725,57,37120
Chhattisgarh,2024-01-13,181486241,8912,63,37960
Chhattisgarh,2024-01-14,181486241,9367,60,37222
Chhattisgarh,2024-01-15,181486241,8675,59,37129
Chhattisgarh,2024-01-16,181486241,8796,57,38987
Chhattisgarh,2024-01-17,181486241,8696,66,40141
Chhattisgarh,2024-01-18,181486241,9437,65,37188
Chhattisgarh,2024-01-19,181486241,9518,66,36621
Chhattisgarh,2024-01-20,181486241,9635,66,38634
Chhattisgarh,2024-01-21,181486241,9166,64,39474
Chhattisgarh,2024-01-22,181486241,8965,59,38220
Chhattisgarh,2024-01-23,181486241,8996,57,38191
Chhattisgarh,2024-01-24,181486241,8647,57,37305
Chhattisgarh,2024-01-25,181486241,9219,59,38286
Chhattisgarh,2024-01-26,181486241,8737,60,39645
Chhattisgarh,2024-01-27,181486241,8744,62,37546
Chhattisgarh,2024-01-28,181486241,8944,66,39597
Chhattisgarh,2024-01-29,181486241,9460,65,39709
Chhattisgarh,2024-01-30,181486241,9231,59,37625
Chhattisgarh,2024-01-31,181486241,9156,65,40168
Chhattisgarh,2024-02-01,181486241,9273,61,40020
Chhattisgarh,2024-02-02,181486241,9548,62,37267
Chhattisgarh,2024-02-03,181486241,8894,64,36403
Chhattisgarh,2024-02-04,181486241,8998,67,39656
Chhattisgarh,2024-02-05,181486241,8655,57,40198
Chhattisgarh,2024-02-06,181486241,9243,61,39083
Chhattisgarh,2024-02-07,181486241,8992,63,39891
Chhattisgarh,2024-02-08,181486241,9226,60,39273
Chhattisgarh,2024-02-09,181486241,9099,58,40041
Chhattisgarh,2024-02-10,181486241,9558,61,36762
Chhattisgarh,2024-02-11,181486241,8750,64,38602
Chhattisgarh,2024-02-12,181486241,8962,64,40166
Chhattisgarh,2024-02-13,181486241,9602,58,37154
Chhattisgarh,2024-02-14,181486241,8965,67,37608
Chhattisgarh,2024-02-15,181486241,8689,64,39100
Chhattisgarh,2024-02-16,181486241,8830,57,38525
Chhattisgarh,2024-02-17,181486241,9554,64,39051
Chhattisgarh,2024-02-18,181486241,9538,67,37982
Chhattisgarh,2024-02-19,181486241,9231,57,36686
Chhattisgarh,2024-02-20,181486241,9262,59,38270
Chhattisgarh,2024-02-21,181486241,9529,64,40235
Chhattisgarh,2024-02-22,181486241,9310,57,37360
Chhattisgarh,2024-02-23,181486241,8986,64,36897
Chhattisgarh,2024-02-24,181486241,8976,57,38803
Chhattisgarh,2024-02-25,181486241,8786,63,37318
Chhattisgarh,2024-02-26,181486241,9618,66,36352
Chhattisgarh,2024-02-27,181486241,9405,63,40122
Chhattisgarh,2024-02-28,181486241,9602,63,37688
Chhattisgarh,2024-02-29,181486241,8997,62,38382
Telangana,2024-01-01,6619823,7893,72,36316
Telangana,2024-01-02,6619823,7279,71,36441
Telangana,2024-01-03,6619823,7207,69,36497
Telangana,2024-01-04,6619823,7634,77,36747
Telangana,2024-01-05,6619823,7383,78,36061
Telangana,2024-01-06,6619823,7548,70,35070
Telangana,2024-01-07,6619823,8097,70,38708
Telangana,2024-01-08,6619823,7979,73,37362
Telangana,2024-01-09,6619823,7381,78,36105
Telangana,2024-01-10,6619823,7508,70,37147
Telangana,2024-01-11,6619823,8092,72,34797
Telangana,2024-01-12,6619823,7255,71,35920
Telangana,2024-01-13,6619823,7942,76,38603
Telangana,2024-01-14,6619823,7245,73,36207
Telangana,2024-01-15,6619823,7154,73,37618
Telangana,2024-01-16,6619823,7461,71,37907
Telangana,2024-01-17,6619823,7760,75,38446
Telangana,2024-01-18,6619823,7760,78,38086
Telangana,2024-01-19,6619823,8001,78,36283
Telangana,2024-01-20,6619823,8014,70,38258
Telangana,2024-01-21,6619823,7852,71,35073
Telangana,2024-01-22,6619823,8050,69,37175
Telangana,2024-01-23,6619823,7409,76,38173
Telangana,2024-01-24,6619823,7290,68,38699
Telangana,2024-01-25,6619823,7142,71,35751
Telangana,2024-01-26,6619823,8090,71,35610
Telangana,2024-01-27,6619823,7742,78,38101
Telangana,2024-01-28,6619823,7617,75,36038
Telangana,2024-01-29,6619823,7743,72,36616
Telangana,2024-01-30,6619823,7449,75,35122
Telangana,2024-01-31,6619823,7679,74,38724
Telangana,2024-02-01,6619823,7297,78,38122
Telangana,2024-02-02,6619823,7268,69,37623
Telangana,2024-02-03,6619823,7803,72,37205
Telangana,2024-02-04,6619823,7259,78,36470
Telangana,2024-02-05,6619823,7573,71,37138
Telangana,2024-02-06,6619823,7218,76,38681
Telangana,2024-02-07,6619823,7533,78,38459
Telangana,2024-02-08,6619823,7762,77,36572
Telangana,2024-02-09,6619823,7659,68,35938
Telangana,2024-02-10,6619823,7359,70,37397
Telangana,2024-02-11,6619823,7627,75,34776
Telangana,2024-02-12,6619823,7988,78,37080
Telangana,2024-02-13,6619823,7561,74,37286
Telangana,2024-02-14,6619823,7672,72,36741
Telangana,2024-02-15,6619823,7772,75,34869
Telangana,2024-02-16,6619823,7261,68,35924
Telangana,2024-02-17,6619823,7271,73,36795
Telangana,2024-02-18,6619823,7813,74,36582
Telangana,2024-02-19,6619823,7442,71,38338
Telangana,2024-02-20,6619823,7382,70,34917
Telangana,2024-02-21,6619823,7664,74,37468
Telangana,2024-02-22,6619823,7433,76,35864
Telangana,2024-02-23,6619823,8051,78,36266
Telangana,2024-02-24,6619823,7783,72,38661
Telangana,2024-02-25,6619823,7689,74,38143
Telangana,2024-02-26,6619823,7556,68,34782
Telangana,2024-02-27,6619823,7457,73,38602
Telangana,2024-02-28,6619823,8071,78,36681
Telangana,2024-02-29,6619823,7470,75,35145
Andhra Pradesh,2024-01-01,134552857,7588,83,18788
Andhra Pradesh,2024-01-02,134552857,6969,77,21952
Andhra Pradesh,2024-01-03,134552857,7539,84,18545
Andhra Pradesh,2024-01-04,134552857,6879,84,20472
Andhra Pradesh,2024-01-05,134552857,7116,87,21062
Andhra Pradesh,2024-01-06,134552857,7173,86,20185
Andhra Pradesh,2024-01-07,134552857,6839,84,18748
Andhra Pradesh,2024-01-08,134552857,6875,87,22089
Andhra Pradesh,2024-01-09,134552857,6647,84,21792
Andhra Pradesh,2024-01-10,134552857,7143,80,21985
Andhra Pradesh,2024-01-11,134552857,7059,84,21704
Andhra Pradesh,2024-01-12,134552857,7021,84,20612
Andhra Pradesh,2024-01-13,134552857,6649,77,21271
Andhra Pradesh,2024-01-14,134552857,7360,87,21938
Andhra Pradesh,2024-01-15,134552857,7133,79,21185
Andhra Pradesh,2024-01-16,134552857,7266,79,20588
Andhra Pradesh,2024-01-17,134552857,6732,82,20509
Andhra Pradesh,2024-01-18,134552857,7303,86,20326
Andhra Pradesh,2024-01-19,134552857,6797,83,19668
Andhra Pradesh,2024-01-20,134552857,7521,80,22074
Andhra Pradesh,2024-01-21,134552857,7572,81,18780
Andhra Pradesh,2024-01-22,134552857,6908,82,20116
Andhra Pradesh,2024-01-23,134552857,6666,79,19394
Andhra Pradesh,2024-01-24,134552857,6930,84,21239
Andhra Pradesh,2024-01-25,134552857,7291,86,19115
Andhra Pradesh,2024-01-26,134552857,6772,78,19791
Andhra Pradesh,2024-01-27,134552857,6798,87,21479
Andhra Pradesh,2024-01-28,134552857,7455,86,21316
Andhra Pradesh,2024-01-29,134552857,7213,78,21756
Andhra Pradesh,2024-01-30,134552857,7108,78,19510
Andhra Pradesh,2024-01-31,134552857,7018,85,18498
Andhra Pradesh,2024-02-01,134552857,7307,86,19517
Andhra Pradesh,2024-02-02,134552857,7150,87,20538
Andhra Pradesh,2024-02-03,134552857,7273,81,18700
Andhra Pradesh,2024-02-04,134552857,7061,78,20865
Andhra Pradesh,2024-02-05,134552857,7100,79,21248
Andhra Pradesh,2024-02-06,134552857,7579,80,20441
Andhra Pradesh,2024-02-07,134552857,6669,82,20072
Andhra Pradesh,2024-02-08,134552857,6953,77,18754
Andhra Pradesh,2024-02-09,134552857,7196,79,20008
Andhra Pradesh,2024-02-10,134552857,7417,85,19040
Andhra Pradesh,2024-02-11,134552857,6612,83,21102
Andhra Pradesh,2024-02-12,134552857,7003,83,21452
Andhra Pradesh,2024-02-13,134552857,7472,81,20310
Andhra Pradesh,2024-02-14,134552857,6711,82,19291
Andhra Pradesh,2024-02-15,134552857,6797,80,19114
Andhra Pradesh,2024-02-16,134552857,7009,82,19705
Andhra Pradesh,2024-02-17,134552857,6900,84,21255
Andhra Pradesh,2024-02-18,134552857,7413,79,18918
Andhra Pradesh,2024-02-19,134552857,6978,78,22168
Andhra Pradesh,2024-02-20,134552857,6854,79,20095
Andhra Pradesh,2024-02-21,134552857,6666,87,18778
Andhra Pradesh,2024-02-22,134552857,6947,77,21867
Andhra Pradesh,2024-02-23,134552857,7167,82,20640
Andhra Pradesh,2024-02-24,134552857,6668,85,21387
Andhra Pradesh,2024-02-25,134552857,7089,83,19111
Andhra Pradesh,2024-02-26,134552857,7250,81,21922
Andhra Pradesh,2024-02-27,134552857,7102,87,20505
Andhra Pradesh,2024-02-28,134552857,6670,79,20006
Andhra Pradesh,2024-02-29,134552857,6702,78,19147
Himachal Pradesh,2024-01-01,6011498,8488,55,41629
Himachal Pradesh,2024-01-02,6011498,8161,60,40842
Himachal Pradesh,2024-01-03,6011498,8349,56,42996
Himachal Pradesh,2024-01-04,6011498,8927,55,41076
Himachal Pradesh,2024-01-05,6011498,8641,63,39450
Himachal Pradesh,2024-01-06,6011498,8432,62,42204
Himachal Pradesh,2024-01-07,6011498,8210,58,42393
Himachal Pradesh,2024-01-08,6011498,8414,58,42459
Himachal Pradesh,2024-01-09,6011498,8563,56,41679
Himachal Pradesh,2024-01-10,6011498,8217,61,40826
Himachal Pradesh,2024-01-11,6011498,8895,58,43049
Himachal Pradesh,2024-01-12,6011498,8098,55,42057
Himachal Pradesh,2024-01-13,6011498,8801,62,41844
Himachal Pradesh,2024-01-14,6011498,8653,55,41152
Himachal Pradesh,2024-01-15,6011498,8849,60,41237
Himachal Pradesh,2024-01-16,6011498,8539,55,39585
Himachal Pradesh,2024-01-17,6011498,8438,60,42499
Himachal Pradesh,2024-01-18,6011498,8670,54,42413
Himachal Pradesh,2024-01-19,6011498,8003,64,40245
Himachal Pradesh,2024-01-20,6011498,8641,60,41486
Himachal Pradesh,2024-01-21,6011498,8070,63,41596
Himachal Pradesh,2024-01-22,6011498,8478,57,42532
Himachal Pradesh,2024-01-23,6011498,8542,55,41433
Himachal Pradesh,2024-01-24,6011498,8800,62,41369
Himachal Pradesh,2024-01-25,6011498,7981,60,40015
Himachal Pradesh,2024-01-26,6011498,8150,62,43106
Himachal Pradesh,2024-01-27,6011498,8264,56,40060
Himachal Pradesh,2024-01-28,6011498,8552,58,39760
Himachal Pradesh,2024-01-29,6011498,8004,61,41794
Himachal Pradesh,2024-01-30,6011498,8230,59,39638
Himachal Pradesh,2024-01-31,6011498,8542,57,40793
Himachal Pradesh,2024-02-01,6011498,8211,59,42468
Himachal Pradesh,2024-02-02,6011498,8688,56,42115
Himachal Pradesh,2024-02-03,6011498,8632,56,41058
Himachal Pradesh,2024-02-04,6011498,8628,60,39726
Himachal Pradesh,2024-02-05,6011498,8162,60,40959
Himachal Pradesh,2024-02-06,6011498,8157,63,39628
Himachal Pradesh,2024-02-07,6011498,8345,58,39414
Himachal Pradesh,2024-02-08,6011498,8815,56,41837
Himachal Pradesh,2024-02-09,6011498,8900,60,41454
Himachal Pradesh,2024-02-10,6011498,8819,54,43237
Himachal Pradesh,2024-02-11,6011498,8365,62,42570
Himachal Pradesh,2024-02-12,6011498,8216,63,40804
Himachal Pradesh,2024-02-13,6011498,8362,64,41244
Himachal Pradesh,2024-02-14,6011498,8469,56,42087
Himachal Pradesh,2024-02-15,6011498,8814,58,41094
Himachal Pradesh,2024-02-16,6011498,8813,60,43131
Himachal Pradesh,2024-02-17,6011498,8407,63,40900
Himachal Pradesh,2024-02-18,6011498,8441,63,42609
Himachal Pradesh,2024-02-19,6011498,8654,57,40872
Himachal Pradesh,2024-02-20,6011498,8349,63,39314
Himachal Pradesh,2024-02-21,6011498,7983,64,39317
Himachal Pradesh,2024-02-22,6011498,8852,59,42657
Himachal Pradesh,2024-02-23,6011498,8584,64,42148
Himachal Pradesh,2024-02-24,6011498,8357,57,40781
Himachal Pradesh,2024-02-25,6011498,8081,63,40763
Himachal Pradesh,2024-02-26,6011498,8023,61,43286
Himachal Pradesh,2024-02-27,6011498,7988,56,40728
Himachal Pradesh,2024-02-28,6011498,8895,60,41333
Himachal Pradesh,2024-02-29,6011498,8767,57,39780
Uttarakhand,2024-01-01,184166285,5454,65,35954
Uttarakhand,2024-01-02,184166285,5958,63,35153
Uttarakhand,2024-01-03,184166285,6122,63,33105
Uttarakhand,2024-01-04,184166285,5521,67,32244
Uttarakhand,2024-01-05,184166285,5964,62,35626
Uttarakhand,2024-01-06,184166285,5743,60,35282
Uttarakhand,2024-01-07,184166285,5673,65,34282
Uttarakhand,2024-01-08,184166285,5737,61,32228
Uttarakhand,2024-01-09,184166285,5609,66,32253
Uttarakhand,2024-01-10,184166285,5670,58,32653
Uttarakhand,2024-01-11,184166285,6043,64,34761
Uttarakhand,2024-01-12,184166285,5860,62,32923
Uttarakhand,2024-01-13,184166285,5570,68,33360
Uttarakhand,2024-01-14,184166285,5380,60,35982
Uttarakhand,2024-01-15,184166285,5770,64,34867
Uttarakhand,2024-01-16,184166285,6223,63,34610
Uttarakhand,2024-01-17,184166285,5234,65,35943
Uttarakhand,2024-01-18,184166285,5550,61,34412
Uttarakhand,2024-01-19,184166285,6198,64,34797
Uttarakhand,2024-01-20,184166285,5270,64,32588
Uttarakhand,2024-01-21,184166285,5708,65,33100
Uttarakhand,2024-01-22,184166285,6098,61,34540
Uttarakhand,2024-01-23,184166285,6220,58,33562
Uttarakhand,2024-01-24,184166285,5768,61,32788
Uttarakhand,2024-01-25,184166285,5848,61,34856
Uttarakhand,2024-01-26,184166285,5439,60,35848
Uttarakhand,2024-01-27,184166285,5784,58,36041
Uttarakhand,2024-01-28,184166285,5511,62,35772
Uttarakhand,2024-01-29,184166285,6071,58,33248
Uttarakhand,2024-01-30,184166285,5660,59,34244
Uttarakhand,2024-01-31,184166285,5973,59,34323
Uttarakhand,2024-02-01,184166285,6115,62,35462
Uttarakhand,2024-02-02,184166285,5982,63,32525
Uttarakhand,2024-02-03,184166285,6056,59,33948
Uttarakhand,2024-02-04,184166285,6144,63,32792
Uttarakhand,2024-02-05,184166285,6183,65,33311
Uttarakhand,2024-02-06,184166285,5606,58,32467
Uttarakhand,2024-02-07,184166285,5250,64,32606
Uttarakhand,2024-02-08,184166285,6167,58,33934
Uttarakhand,2024-02-09,184166285,5678,59,35933
Uttarakhand,2024-02-10,184166285,5274,68,34325
Uttarakhand,2024-02-11,184166285,5877,63,32900
Uttarakhand,2024-02-12,184166285,5978,63,33511
Uttarakhand,2024-02-13,184166285,5469,68,34939
Uttarakhand,2024-02-14,184166285,5619,67,35490
Uttarakhand,2024-02-15,184166285,6131,58,35083
Uttarakhand,2024-02-16,184166285,6009,65,34386
Uttarakhand,2024-02-17,184166285,5679,67,34277
Uttarakhand,2024-02-18,184166285,5978,58,33520
Uttarakhand,2024-02-19,184166285,5409,68,35877
Uttarakhand,2024-02-20,184166285,5344,65,32303
Uttarakhand,2024-02-21,184166285,5274,66,32674
Uttarakhand,2024-02-22,184166285,5280,68,32211
Uttarakhand,2024-02-23,184166285,6116,58,33103
Uttarakhand,2024-02-24,184166285,5240,62,33197
Uttarakhand,2024-02-25,184166285,5449,64,34609
Uttarakhand,2024-02-26,184166285,5870,61,32362
Uttarakhand,2024-02-27,184166285,5913,58,34045
Uttarakhand,2024-02-28,184166285,5623,68,33402
Uttarakhand,2024-02-29,184166285,5587,61,32987
Goa,2024-01-01,148590959,7790,73,27101
Goa,2024-01-02,148590959,7613,68,29521
Goa,2024-01-03,148590959,7812,77,29655
Goa,2024-01-04,148590959,7669,74,28693
Goa,2024-01-05,148590959,8487,72,27008
Goa,2024-01-06,148590959,7844,71,28803
Goa,2024-01-07,148590959,7865,71,27000
Goa,2024-01-08,148590959,8186,78,29623
Goa,2024-01-09,148590959,8012,73,25962
Goa,2024-01-10,148590959,7771,73,29184
Goa,2024-01-11,148590959,8351,68,26407
Goa,2024-01-12,148590959,7607,73,28234
Goa,2024-01-13,148590959,7773,72,29669
Goa,2024-01-14,148590959,7762,72,28915
Goa,2024-01-15,148590959,8358,76,26868
Goa,2024-01-16,148590959,8348,78,27408
Goa,2024-01-17,148590959,8047,70,29529
Goa,2024-01-18,148590959,7704,71,29516
Goa,2024-01-19,148590959,8424,70,25926
Goa,2024-01-20,148590959,7660,75,28889
Goa,2024-01-21,148590959,7994,73,26295
Goa,2024-01-22,148590959,7760,76,28422
Goa,2024-01-23,148590959,8454,68,27525
Goa,2024-01-24,148590959,7778,69,27699
Goa,2024-01-25,148590959,7795,76,27598
Goa,2024-01-26,148590959,7574,71,25976
Goa,2024-01-27,148590959,7598,76,26969
Goa,2024-01-28,148590959,8030,76,26772
Goa,2024-01-29,148590959,8455,76,29633
Goa,2024-01-30,148590959,7677,74,26255
Goa,2024-01-31,148590959,7941,69,28470
Goa,2024-02-01,148590959,7756,72,28303
Goa,2024-02-02,148590959,8384,69,28895
Goa,2024-02-03,148590959,8288,76,29615
Goa,2024-02-04,148590959,7751,74,27124
Goa,2024-02-05,148590959,8188,78,27792
Goa,2024-02-06,148590959,7917,72,26269
Goa,2024-02-07,148590959,7897,68,27204
Goa,2024-02-08,148590959,7585,74,28291
Goa,2024-02-09,148590959,8476,77,27723
Goa,2024-02-10,148590959,8058,78,25983
Goa,2024-02-11,148590959,8165,76,26776
Goa,2024-02-12,148590959,7898,75,29586
Goa,2024-02-13,148590959,8298,78,26800
Goa,2024-02-14,148590959,8508,76,26390
Goa,2024-02-15,148590959,7976,75,28139
Goa,2024-02-16,148590959,8487,71,29393
Goa,2024-02-17,148590959,7845,74,27263
Goa,2024-02-18,148590959,7575,73,26385
Goa,2024-02-19,148590959,8248,73,27256
Goa,2024-02-20,148590959,7755,76,26916
Goa,2024-02-21,148590959,7748,72,27335
Goa,2024-02-22,148590959,8109,70,26229
Goa,2024-02-23,148590959,7953,71,25830
Goa,2024-02-24,148590959,8412,72,26002
Goa,2024-02-25,148590959,7889,76,27377
Goa,2024-02-26,148590959,7594,73,29045
Goa,2024-02-27,148590959,8338,69,28415
Goa,2024-02-28,148590959,7753,76,28185
Goa,2024-02-29,148590959,7981,75,27213
Tripura,2024-01-01,15381393,8995,56,37360
Tripura,2024-01-02,15381393,9513,62,37635
Tripura,2024-01-03,15381393,9452,57,37426
Tripura,2024-01-04,15381393,8823,57,35420
Tripura,2024-01-05,15381393,8793,64,34766
Tripura,2024-01-06,15381393,9025,57,34492
Tripura,2024-01-07,15381393,8718,62,36298
Tripura,2024-01-08,15381393,9323,66,34563
Tripura,2024-01-09,15381393,9428,61,35275
Tripura,2024-01-10,15381393,9418,57,33953
Tripura,2024-01-11,15381393,8738,59,36516
Tripura,2024-01-12,15381393,9134,62,37484
Tripura,2024-01-13,15381393,9624,59,35364
Tripura,2024-01-14,15381393,9397,63,37149
Tripura,2024-01-15,15381393,9112,65,35506
Tripura,2024-01-16,15381393,8922,59,34763
Tripura,2024-01-17,15381393,9388,61,34354
Tripura,2024-01-18,15381393,9158,62,34511
Tripura,2024-01-19,15381393,9155,56,36230
Tripura,2024-01-20,15381393,9550,59,36036
Tripura,2024-01-21,15381393,9194,64,35584
Tripura,2024-01-22,15381393,9417,62,35314
Tripura,2024-01-23,15381393,8883,64,33909
Tripura,2024-01-24,15381393,9200,59,36950
Tripura,2024-01-25,15381393,9185,59,36490
Tripura,2024-01-26,15381393,8732,59,34023
Tripura,2024-01-27,15381393,9230,59,36336
Tripura,2024-01-28,15381393,9346,63,34931
Tripura,2024-01-29,15381393,9312,59,35582
Tripura,2024-01-30,15381393,9535,56,36027
Tripura,2024-01-31,15381393,9194,56,34829
Tripura,2024-02-01,15381393,9290,59,35461
Tripura,2024-02-02,15381393,9579,64,36553
Tripura,2024-02-03,15381393,8686,56,36500
Tripura,2024-02-04,15381393,9109,62,34589
Tripura,2024-02-05,15381393,9193,61,35246
Tripura,2024-02-06,15381393,9604,59,34643
Tripura,2024-02-07,15381393,8650,57,37018
Tripura,2024-02-08,15381393,9409,66,36378
Tripura,2024-02-09,15381393,8928,57,35373
Tripura,2024-02-10,15381393,8911,64,37140
Tripura,2024-02-11,15381393,8875,63,34217
Tripura,2024-02-12,15381393,9141,58,36247
Tripura,2024-02-13,15381393,8664,59,35631
Tripura,2024-02-14,15381393,9264,59,36874
Tripura,2024-02-15,15381393,8883,58,36815
Tripura,2024-02-16,15381393,8836,63,35573
Tripura,2024-02-17,15381393,8882,66,34129
Tripura,2024-02-18,15381393,9072,62,37089
Tripura,2024-02-19,15381393,9625,61,36839
Tripura,2024-02-20,15381393,9412,65,34142
Tripura,2024-02-21,15381393,9075,62,36773
Tripura,2024-02-22,15381393,8955,57,35260
Tripura,2024-02-23,15381393,9156,57,37393
Tripura,2024-02-24,15381393,8920,59,37547
Tripura,2024-02-25,15381393,9074,64,36440
Tripura,2024-02-26,15381393,9417,61,35296
Tripura,2024-02-27,15381393,8962,66,34728
Tripura,2024-02-28,15381393,9297,58,35475
Tripura,2024-02-29,15381393,8988,60,36898
Meghalaya,2024-01-01,198879987,6307,55,49153
Meghalaya,2024-01-02,198879987,6662,53,50795
Meghalaya,2024-01-03,198879987,6976,57,52687
Meghalaya,2024-01-04,198879987,6691,61,50759
Meghalaya,2024-01-05,198879987,6936,60,52012
Meghalaya,2024-01-06,198879987,6249,52,51065
Meghalaya,2024-01-07,198879987,6344,56,52503
Meghalaya,2024-01-08,198879987,6869,52,50431
Meghalaya,2024-01-09,198879987,6896,62,52877
Meghalaya,2024-01-10,198879987,6802,53,52922
Meghalaya,2024-01-11,198879987,6880,58,50958
Meghalaya,2024-01-12,198879987,6384,52,49824
Meghalaya,2024-01-13,198879987,6560,53,52547
Meghalaya,2024-01-14,198879987,6299,58,52938
Meghalaya,2024-01-15,198879987,6704,54,49879
Meghalaya,2024-01-16,198879987,6916,58,51891
Meghalaya,2024-01-17,198879987,6481,61,49514
Meghalaya,2024-01-18,198879987,6796,53,50288
Meghalaya,2024-01-19,198879987,7046,62,50480
Meghalaya,2024-01-20,198879987,6230,52,52697
Meghalaya,2024-01-21,198879987,6535,54,51699
Meghalaya,2024-01-22,198879987,6444,62,51920
Meghalaya,2024-01-23,198879987,6471,56,50302
Meghalaya,2024-01-24,198879987,6525,58,53038
Meghalaya,2024-01-25,198879987,6178,52,49502
Meghalaya,2024-01-26,198879987,6875,56,51142
Meghalaya,2024-01-27,198879987,6121,56,50706
Meghalaya,2024-01-28,198879987,6910,60,51457
Meghalaya,2024-01-29,198879987,6339,61,51859
Meghalaya,2024-01-30,198879987,6965,53,49822
Meghalaya,2024-01-31,198879987,6692,52,49063
Meghalaya,2024-02-01,198879987,6377,57,51594
Meghalaya,2024-02-02,198879987,6519,61,49430
Meghalaya,2024-02-03,198879987,6219,57,52624
Meghalaya,2024-02-04,198879987,6349,53,50771
Meghalaya,2024-02-05,198879987,6817,56,49902
Meghalaya,2024-02-06,198879987,6388,55,51488
Meghalaya,2024-02-07,198879987,7078,56,52070
Meghalaya,2024-02-08,198879987,6272,57,49379
Meghalaya,2024-02-09,198879987,6634,62,50659
Meghalaya,2024-02-10,198879987,7037,60,49077
Meghalaya,2024-02-11,198879987,6130,58,50626
Meghalaya,2024-02-12,198879987,6228,52,49200
Meghalaya,2024-02-13,198879987,6676,61,51426
Meghalaya,2024-02-14,198879987,6669,59,51296
Meghalaya,2024-02-15,198879987,6289,56,50482
Meghalaya,2024-02-16,198879987,6645,61,51577
Meghalaya,2024-02-17,198879987,7098,53,52654
Meghalaya,2024-02-18,198879987,6545,52,52946
Meghalaya,2024-02-19,198879987,6388,58,51665
Meghalaya,2024-02-20,198879987,6944,57,52712
Meghalaya,2024-02-21,198879987,6725,54,49325
Meghalaya,2024-02-22,198879987,6712,55,52199
Meghalaya,2024-02-23,198879987,6577,57,52914
Meghalaya,2024-02-24,198879987,7035,55,52746
Meghalaya,2024-02-25,198879987,6529,55,52068
Meghalaya,2024-02-26,198879987,6646,60,50012
Meghalaya,2024-02-27,198879987,6308,57,51049
Meghalaya,2024-02-28,198879987,6310,61,50967
Meghalaya,2024-02-29,198879987,6966,52,51845
Manipur,2024-01-01,149374973,4366,82,27750
Manipur,2024-01-02,149374973,4701,87,27170
Manipur,2024-01-03,149374973,4216,84,25193
Manipur,2024-01-04,149374973,4770,88,27135
Manipur,2024-01-05,149374973,4576,87,27789
Manipur,2024-01-06,149374973,4923,82,26242
Manipur,2024-01-07,149374973,4125,88,27221
Manipur,2024-01-08,149374973,4913,87,26208
Manipur,2024-01-09,149374973,4297,84,27566
Manipur,2024-01-10,149374973,4942,88,27994
Manipur,2024-01-11,149374973,4435,86,28217
Manipur,2024-01-12,149374973,4183,90,27302
Manipur,2024-01-13,149374973,4733,89,28542
Manipur,2024-01-14,149374973,4899,90,28250
Manipur,2024-01-15,149374973,5049,82,28258
Manipur,2024-01-16,149374973,4456,89,25640
Manipur,2024-01-17,149374973,4660,88,24906
Manipur,2024-01-18,149374973,4540,88,25707
Manipur,2024-01-19,149374973,4276,89,27510
Manipur,2024-01-20,149374973,4707,91,27616
Manipur,2024-01-21,149374973,4131,90,27753
Manipur,2024-01-22,149374973,5049,83,25061
Manipur,2024-01-23,149374973,4938,90,27809
Manipur,2024-01-24,149374973,4821,82,28138
Manipur,2024-01-25,149374973,4776,92,28087
Manipur,2024-01-26,149374973,4870,82,27305
Manipur,2024-01-27,149374973,4882,85,26247
Manipur,2024-01-28,149374973,4309,82,26933
Manipur,2024-01-29,149374973,4759,85,26463
Manipur,2024-01-30,149374973,4467,92,24802
Manipur,2024-01-31,149374973,4186,82,26872
Manipur,2024-02-01,149374973,4342,89,24904
Manipur,2024-02-02,149374973,4627,82,26699
Manipur,2024-02-03,149374973,4347,86,25456
Manipur,2024-02-04,149374973,4564,83,28666
Manipur,2024-02-05,149374973,4671,90,26461
Manipur,2024-02-06,149374973,4081,82,27146
Manipur,2024-02-07,149374973,4678,83,27086
Manipur,2024-02-08,149374973,4449,85,26478
Manipur,2024-02-09,149374973,4753,88,26753
Manipur,2024-02-10,149374973,4717,83,27022
Manipur,2024-02-11,149374973,4812,86,24752
Manipur,2024-02-12,149374973,4130,86,27248
Manipur,2024-02-13,149374973,4621,86,27642
Manipur,2024-02-14,149374973,4946,92,27841
Manipur,2024-02-15,149374973,4362,92,26688
Manipur,2024-02-16,149374973,4515,86,27746
Manipur,2024-02-17,149374973,4196,90,27436
Manipur,2024-02-18,149374973,4449,92,27974
Manipur,2024-02-19,149374973,4348,92,26770
Manipur,2024-02-20,149374973,4731,90,27676
Manipur,2024-02-21,149374973,4084,91,26503
Manipur,2024-02-22,149374973,4717,82,28499
Manipur,2024-02-23,149374973,4874,86,25518
Manipur,2024-02-24,149374973,5023,84,25127
Manipur,2024-02-25,149374973,4466,86,28277
Manipur,2024-02-26,149374973,4833,89,25976
Manipur,2024-02-27,149374973,4359,84,27995
Manipur,2024-02-28,149374973,4907,86,27240
Manipur,2024-02-29,149374973,4312,92,26765
